Model,Accuracy,Precision_Pos,Recall_Pos,F1_Pos,Precision_Neg,Recall_Neg,F1_Neg,ROC_AUC
DistilBERT,0.9173003802281369,0.9381898454746137,0.9648127128263337,0.9513150531617236,,,,0.9129843147406921
