Model,Accuracy,Precision_Pos,Recall_Pos,F1_Pos,Precision_Neg,Recall_Neg,F1_Neg,ROC_AUC
DistilBERT,0.9211026615969582,0.9403973509933775,0.9670828603859251,0.9535534415221041,,,,0.9017497394640593
